USE [EC]
GO
/****** Object:  Table [dbo].[__MigrationHistory]    Script Date: 7/31/2021 2:08:42 AM ******/
SET ANSI_NULLS ON
GO
SET QUOTED_IDENTIFIER ON
GO
CREATE TABLE [dbo].[__MigrationHistory](
	[MigrationId] [nvarchar](150) NOT NULL,
	[ContextKey] [nvarchar](300) NOT NULL,
	[Model] [varbinary](max) NOT NULL,
	[ProductVersion] [nvarchar](32) NOT NULL,
 CONSTRAINT [PK_dbo.__MigrationHistory] PRIMARY KEY CLUSTERED 
(
	[MigrationId] ASC,
	[ContextKey] ASC
)WITH (PAD_INDEX = OFF, STATISTICS_NORECOMPUTE = OFF, IGNORE_DUP_KEY = OFF, ALLOW_ROW_LOCKS = ON, ALLOW_PAGE_LOCKS = ON, OPTIMIZE_FOR_SEQUENTIAL_KEY = OFF) ON [PRIMARY]
) ON [PRIMARY] TEXTIMAGE_ON [PRIMARY]
GO
/****** Object:  Table [dbo].[AspNetRoles]    Script Date: 7/31/2021 2:08:43 AM ******/
SET ANSI_NULLS ON
GO
SET QUOTED_IDENTIFIER ON
GO
CREATE TABLE [dbo].[AspNetRoles](
	[Id] [nvarchar](128) NOT NULL,
	[Name] [nvarchar](256) NOT NULL,
 CONSTRAINT [PK_dbo.AspNetRoles] PRIMARY KEY CLUSTERED 
(
	[Id] ASC
)WITH (PAD_INDEX = OFF, STATISTICS_NORECOMPUTE = OFF, IGNORE_DUP_KEY = OFF, ALLOW_ROW_LOCKS = ON, ALLOW_PAGE_LOCKS = ON, OPTIMIZE_FOR_SEQUENTIAL_KEY = OFF) ON [PRIMARY]
) ON [PRIMARY]
GO
/****** Object:  Table [dbo].[AspNetUserClaims]    Script Date: 7/31/2021 2:08:43 AM ******/
SET ANSI_NULLS ON
GO
SET QUOTED_IDENTIFIER ON
GO
CREATE TABLE [dbo].[AspNetUserClaims](
	[Id] [int] IDENTITY(1,1) NOT NULL,
	[UserId] [nvarchar](128) NOT NULL,
	[ClaimType] [nvarchar](max) NULL,
	[ClaimValue] [nvarchar](max) NULL,
 CONSTRAINT [PK_dbo.AspNetUserClaims] PRIMARY KEY CLUSTERED 
(
	[Id] ASC
)WITH (PAD_INDEX = OFF, STATISTICS_NORECOMPUTE = OFF, IGNORE_DUP_KEY = OFF, ALLOW_ROW_LOCKS = ON, ALLOW_PAGE_LOCKS = ON, OPTIMIZE_FOR_SEQUENTIAL_KEY = OFF) ON [PRIMARY]
) ON [PRIMARY] TEXTIMAGE_ON [PRIMARY]
GO
/****** Object:  Table [dbo].[AspNetUserLogins]    Script Date: 7/31/2021 2:08:43 AM ******/
SET ANSI_NULLS ON
GO
SET QUOTED_IDENTIFIER ON
GO
CREATE TABLE [dbo].[AspNetUserLogins](
	[LoginProvider] [nvarchar](128) NOT NULL,
	[ProviderKey] [nvarchar](128) NOT NULL,
	[UserId] [nvarchar](128) NOT NULL,
 CONSTRAINT [PK_dbo.AspNetUserLogins] PRIMARY KEY CLUSTERED 
(
	[LoginProvider] ASC,
	[ProviderKey] ASC,
	[UserId] ASC
)WITH (PAD_INDEX = OFF, STATISTICS_NORECOMPUTE = OFF, IGNORE_DUP_KEY = OFF, ALLOW_ROW_LOCKS = ON, ALLOW_PAGE_LOCKS = ON, OPTIMIZE_FOR_SEQUENTIAL_KEY = OFF) ON [PRIMARY]
) ON [PRIMARY]
GO
/****** Object:  Table [dbo].[AspNetUserRoles]    Script Date: 7/31/2021 2:08:43 AM ******/
SET ANSI_NULLS ON
GO
SET QUOTED_IDENTIFIER ON
GO
CREATE TABLE [dbo].[AspNetUserRoles](
	[UserId] [nvarchar](128) NOT NULL,
	[RoleId] [nvarchar](128) NOT NULL,
 CONSTRAINT [PK_dbo.AspNetUserRoles] PRIMARY KEY CLUSTERED 
(
	[UserId] ASC,
	[RoleId] ASC
)WITH (PAD_INDEX = OFF, STATISTICS_NORECOMPUTE = OFF, IGNORE_DUP_KEY = OFF, ALLOW_ROW_LOCKS = ON, ALLOW_PAGE_LOCKS = ON, OPTIMIZE_FOR_SEQUENTIAL_KEY = OFF) ON [PRIMARY]
) ON [PRIMARY]
GO
/****** Object:  Table [dbo].[AspNetUsers]    Script Date: 7/31/2021 2:08:43 AM ******/
SET ANSI_NULLS ON
GO
SET QUOTED_IDENTIFIER ON
GO
CREATE TABLE [dbo].[AspNetUsers](
	[Id] [nvarchar](128) NOT NULL,
	[Address] [nvarchar](max) NULL,
	[Email] [nvarchar](256) NULL,
	[EmailConfirmed] [bit] NOT NULL,
	[PasswordHash] [nvarchar](max) NULL,
	[SecurityStamp] [nvarchar](max) NULL,
	[PhoneNumber] [nvarchar](max) NULL,
	[PhoneNumberConfirmed] [bit] NOT NULL,
	[TwoFactorEnabled] [bit] NOT NULL,
	[LockoutEndDateUtc] [datetime] NULL,
	[LockoutEnabled] [bit] NOT NULL,
	[AccessFailedCount] [int] NOT NULL,
	[UserName] [nvarchar](256) NOT NULL,
 CONSTRAINT [PK_dbo.AspNetUsers] PRIMARY KEY CLUSTERED 
(
	[Id] ASC
)WITH (PAD_INDEX = OFF, STATISTICS_NORECOMPUTE = OFF, IGNORE_DUP_KEY = OFF, ALLOW_ROW_LOCKS = ON, ALLOW_PAGE_LOCKS = ON, OPTIMIZE_FOR_SEQUENTIAL_KEY = OFF) ON [PRIMARY]
) ON [PRIMARY] TEXTIMAGE_ON [PRIMARY]
GO
/****** Object:  Table [dbo].[Categories]    Script Date: 7/31/2021 2:08:43 AM ******/
SET ANSI_NULLS ON
GO
SET QUOTED_IDENTIFIER ON
GO
CREATE TABLE [dbo].[Categories](
	[Id] [int] IDENTITY(1,1) NOT NULL,
	[Name] [nvarchar](max) NULL,
 CONSTRAINT [PK_dbo.Categories] PRIMARY KEY CLUSTERED 
(
	[Id] ASC
)WITH (PAD_INDEX = OFF, STATISTICS_NORECOMPUTE = OFF, IGNORE_DUP_KEY = OFF, ALLOW_ROW_LOCKS = ON, ALLOW_PAGE_LOCKS = ON, OPTIMIZE_FOR_SEQUENTIAL_KEY = OFF) ON [PRIMARY]
) ON [PRIMARY] TEXTIMAGE_ON [PRIMARY]
GO
/****** Object:  Table [dbo].[FavouriteProducts]    Script Date: 7/31/2021 2:08:43 AM ******/
SET ANSI_NULLS ON
GO
SET QUOTED_IDENTIFIER ON
GO
CREATE TABLE [dbo].[FavouriteProducts](
	[Id] [int] IDENTITY(1,1) NOT NULL,
	[userId] [nvarchar](128) NULL,
	[productId] [int] NOT NULL,
 CONSTRAINT [PK_dbo.FavouriteProducts] PRIMARY KEY CLUSTERED 
(
	[Id] ASC
)WITH (PAD_INDEX = OFF, STATISTICS_NORECOMPUTE = OFF, IGNORE_DUP_KEY = OFF, ALLOW_ROW_LOCKS = ON, ALLOW_PAGE_LOCKS = ON, OPTIMIZE_FOR_SEQUENTIAL_KEY = OFF) ON [PRIMARY]
) ON [PRIMARY]
GO
/****** Object:  Table [dbo].[OrderedProducts]    Script Date: 7/31/2021 2:08:43 AM ******/
SET ANSI_NULLS ON
GO
SET QUOTED_IDENTIFIER ON
GO
CREATE TABLE [dbo].[OrderedProducts](
	[Id] [int] IDENTITY(1,1) NOT NULL,
	[Quantity] [int] NOT NULL,
	[productId] [int] NOT NULL,
	[orderId] [int] NOT NULL,
 CONSTRAINT [PK_dbo.OrderedProducts] PRIMARY KEY CLUSTERED 
(
	[Id] ASC
)WITH (PAD_INDEX = OFF, STATISTICS_NORECOMPUTE = OFF, IGNORE_DUP_KEY = OFF, ALLOW_ROW_LOCKS = ON, ALLOW_PAGE_LOCKS = ON, OPTIMIZE_FOR_SEQUENTIAL_KEY = OFF) ON [PRIMARY]
) ON [PRIMARY]
GO
/****** Object:  Table [dbo].[Orders]    Script Date: 7/31/2021 2:08:43 AM ******/
SET ANSI_NULLS ON
GO
SET QUOTED_IDENTIFIER ON
GO
CREATE TABLE [dbo].[Orders](
	[Id] [int] IDENTITY(1,1) NOT NULL,
	[DateTime] [datetime] NOT NULL,
	[totalPrice] [float] NOT NULL,
	[userId] [nvarchar](128) NULL,
 CONSTRAINT [PK_dbo.Orders] PRIMARY KEY CLUSTERED 
(
	[Id] ASC
)WITH (PAD_INDEX = OFF, STATISTICS_NORECOMPUTE = OFF, IGNORE_DUP_KEY = OFF, ALLOW_ROW_LOCKS = ON, ALLOW_PAGE_LOCKS = ON, OPTIMIZE_FOR_SEQUENTIAL_KEY = OFF) ON [PRIMARY]
) ON [PRIMARY]
GO
/****** Object:  Table [dbo].[PaymentMethods]    Script Date: 7/31/2021 2:08:43 AM ******/
SET ANSI_NULLS ON
GO
SET QUOTED_IDENTIFIER ON
GO
CREATE TABLE [dbo].[PaymentMethods](
	[Id] [int] NOT NULL,
	[Method] [nvarchar](max) NULL,
 CONSTRAINT [PK_dbo.PaymentMethods] PRIMARY KEY CLUSTERED 
(
	[Id] ASC
)WITH (PAD_INDEX = OFF, STATISTICS_NORECOMPUTE = OFF, IGNORE_DUP_KEY = OFF, ALLOW_ROW_LOCKS = ON, ALLOW_PAGE_LOCKS = ON, OPTIMIZE_FOR_SEQUENTIAL_KEY = OFF) ON [PRIMARY]
) ON [PRIMARY] TEXTIMAGE_ON [PRIMARY]
GO
/****** Object:  Table [dbo].[Paypals]    Script Date: 7/31/2021 2:08:43 AM ******/
SET ANSI_NULLS ON
GO
SET QUOTED_IDENTIFIER ON
GO
CREATE TABLE [dbo].[Paypals](
	[Id] [int] NOT NULL,
	[Account] [nvarchar](max) NULL,
 CONSTRAINT [PK_dbo.Paypals] PRIMARY KEY CLUSTERED 
(
	[Id] ASC
)WITH (PAD_INDEX = OFF, STATISTICS_NORECOMPUTE = OFF, IGNORE_DUP_KEY = OFF, ALLOW_ROW_LOCKS = ON, ALLOW_PAGE_LOCKS = ON, OPTIMIZE_FOR_SEQUENTIAL_KEY = OFF) ON [PRIMARY]
) ON [PRIMARY] TEXTIMAGE_ON [PRIMARY]
GO
/****** Object:  Table [dbo].[Products]    Script Date: 7/31/2021 2:08:43 AM ******/
SET ANSI_NULLS ON
GO
SET QUOTED_IDENTIFIER ON
GO
CREATE TABLE [dbo].[Products](
	[Id] [int] IDENTITY(1,1) NOT NULL,
	[Name] [nvarchar](max) NULL,
	[Details] [nvarchar](max) NULL,
	[Price] [float] NOT NULL,
	[Image] [nvarchar](max) NULL,
	[Quantity] [int] NOT NULL,
	[CategoryId] [int] NULL,
 CONSTRAINT [PK_dbo.Products] PRIMARY KEY CLUSTERED 
(
	[Id] ASC
)WITH (PAD_INDEX = OFF, STATISTICS_NORECOMPUTE = OFF, IGNORE_DUP_KEY = OFF, ALLOW_ROW_LOCKS = ON, ALLOW_PAGE_LOCKS = ON, OPTIMIZE_FOR_SEQUENTIAL_KEY = OFF) ON [PRIMARY]
) ON [PRIMARY] TEXTIMAGE_ON [PRIMARY]
GO
/****** Object:  Table [dbo].[ShoppingCartProducts]    Script Date: 7/31/2021 2:08:43 AM ******/
SET ANSI_NULLS ON
GO
SET QUOTED_IDENTIFIER ON
GO
CREATE TABLE [dbo].[ShoppingCartProducts](
	[Id] [int] IDENTITY(1,1) NOT NULL,
	[Quantity] [int] NOT NULL,
	[productId] [int] NOT NULL,
	[shoppingCartId] [nvarchar](128) NULL,
 CONSTRAINT [PK_dbo.ShoppingCartProducts] PRIMARY KEY CLUSTERED 
(
	[Id] ASC
)WITH (PAD_INDEX = OFF, STATISTICS_NORECOMPUTE = OFF, IGNORE_DUP_KEY = OFF, ALLOW_ROW_LOCKS = ON, ALLOW_PAGE_LOCKS = ON, OPTIMIZE_FOR_SEQUENTIAL_KEY = OFF) ON [PRIMARY]
) ON [PRIMARY]
GO
/****** Object:  Table [dbo].[ShoppingCarts]    Script Date: 7/31/2021 2:08:43 AM ******/
SET ANSI_NULLS ON
GO
SET QUOTED_IDENTIFIER ON
GO
CREATE TABLE [dbo].[ShoppingCarts](
	[Id] [nvarchar](128) NOT NULL,
	[totalPrice] [float] NOT NULL,
 CONSTRAINT [PK_dbo.ShoppingCarts] PRIMARY KEY CLUSTERED 
(
	[Id] ASC
)WITH (PAD_INDEX = OFF, STATISTICS_NORECOMPUTE = OFF, IGNORE_DUP_KEY = OFF, ALLOW_ROW_LOCKS = ON, ALLOW_PAGE_LOCKS = ON, OPTIMIZE_FOR_SEQUENTIAL_KEY = OFF) ON [PRIMARY]
) ON [PRIMARY]
GO
/****** Object:  Table [dbo].[Visas]    Script Date: 7/31/2021 2:08:43 AM ******/
SET ANSI_NULLS ON
GO
SET QUOTED_IDENTIFIER ON
GO
CREATE TABLE [dbo].[Visas](
	[Id] [int] NOT NULL,
	[Number] [bigint] NOT NULL,
	[Expire] [nvarchar](max) NULL,
	[SequreCode] [int] NOT NULL,
 CONSTRAINT [PK_dbo.Visas] PRIMARY KEY CLUSTERED 
(
	[Id] ASC
)WITH (PAD_INDEX = OFF, STATISTICS_NORECOMPUTE = OFF, IGNORE_DUP_KEY = OFF, ALLOW_ROW_LOCKS = ON, ALLOW_PAGE_LOCKS = ON, OPTIMIZE_FOR_SEQUENTIAL_KEY = OFF) ON [PRIMARY]
) ON [PRIMARY] TEXTIMAGE_ON [PRIMARY]
GO
INSERT [dbo].[__MigrationHistory] ([MigrationId], [ContextKey], [Model], [ProductVersion]) VALUES (N'202107101326564_step10', N'DAL.Migrations.Configuration', 0x1F8B0800000000000400ED1D6B6FE4B6F17B81FE07613FB5C5C57BB693203DD8091C3F5AA3F770CFE7A0DF0C7997B68568A58DA4BDD828F2CBFAA13FA97FA1D49B8F2139E4EAB5CEE18083572287E4CC7066381CCDFCEF3FFF3DFAE169157A9F49920671743CDBDF7B3DF348B4889741F4703CDB64F75F7D37FBE1FB3FFEE1E87CB97AF27EAADB1DE6ED68CF283D9E3D66D9FACD7C9E2E1EC9CA4FF756C12289D3F83EDB5BC4ABB9BF8CE707AF5FFF75BEBF3F2714C48CC2F2BCA38F9B280B56A4F8417F9EC6D182ACB38D1FBE8B97244CABE7F4CD7501D57BEFAF48BAF617E4787676F276E69D84814F87BE26E1FDCCF3A328CEFC8C4EECCD4D4AAEB3248E1EAED7F4811F7E7A5E13DAEEDE0F53524DF84DDB1C3BF7D707F9DCE76DC71AD4629366F1CA12E0FE61858CB9D8DD09A5B30659145DE714ADD973BEEA0265C7B3533F230F71F23CF3C4C1DE9C8649DEB0C0E85EDDEE95477FBD6A084DF921FFF7CA3BDD84D92621C711D964891FBEF2AE367761B0F80779FE14FF4CA2E3681386EC4CE85CE83BEE017D7495C46B9264CF1FC97D35BFCBE5CC9BF3FDE662C7A61BD3A79CF965941D1ECCBCF77470FF2E240DA199555E677142FE462292D0152EAFFC2C234994C32005AAA4D185B1F2FFEBD12867D15D31F3DEF94F6F49F4903D1ECFE89F33EF227822CBFA4935839B28A09B8876CA920D910679EF7F0E1E8AF909C3D19FCBCD224B67DE4712160DD2C7605D32FA5EF5F2B6A5E94512AF3EC661DBB17977FBC94F1E4846A71E2B1A5CC79B64214CED68DE329096AD2A6826AEAA9A7D61AA21984A18E48C647E10A6BD8F7395048B66356731A5200190A78771B9F21FFAC7C83F377E451E3DA1F550EA0D24310C768FB7DB77DB3D5E6F61E51EAF8580D31EBFF03F53F841465AA1A4DFED52872FFB9E1F6B9392A41D0FE0F3FD83EF3AE0F375897EF3CAB01CEBAFD7D4B04A408695887EDBB46E3957D9486261754B889711AA1439E9A6B56ED2F5FE324FBA6EB9D5063C59AFE9AE28E69E63E0F2ACE632FD365474DBADCDB8C5E6B094E727CB6542D2FEF5E4F98AAA63CD2807DF7CDBD528F438751F242BD260F3C798F2A91F59E3E6CA4FD35FE364F9773F7DEC1D41D764916FA2E7EBCC5FADFB375B1EE388BCDFACEE724935DC589D91E6D3AFF185BFA0FAE83CCA7B6D0DEF6DBCF839DE64E7D1F28CEAB69B6CD19874F4E7A7608507D0C9744E160BBA292F283393E569BC89B2ED8CB65C101AAC6EECFE73D6A2A7A11FACE0939D4264DFD65D5AA5A46F29692643735B9D0A9884DD9B04E2C9D56C3C60A7FF367E08223B0AD45DCC14285BA2295035B7A5C08764491538B884E215846AEE85845EFEAD2D4A73187618AD7A98115A3444E3B36C6D8BCEEBC778BDA692E0D44F604B916D00E1167A2FA1186CB495FFA53E71E4908ABDAC330ADF35EEC39374FD9E647B75EFBD12EE4542615235FFF39E04F69587EEDC9A960758D3F270FFEEFEF0BB6FBEF59787DF7E4D0EBF798967BE9BAECE7CB66E8A9C7CF9A0BD5B37C5483FF9E1A6EBA19C76432157BBDF0D05D8E9EF86629AF4F1E76099CBA9B9B947DD988247B5AFF9D976CF09331B7A3B70CB1C7AF06164007ABB141ADFE445281AED96CFA07F61DE9E85C4B391254764744261179EF3BE5C8A4EBE40A4052A9A74B07D6A6511535AEA4E24429BDB6A070813141BC0A6B2D4CAD664BEF29F5794DDDE91EC315EC297006C0B79B2C06BF9BA0F68B395C529A119213EDAE65F04491F5751AE8E7E014C9CD3AABBDB828A5FBBDB86A0BC506ED62EEE07C41180DB014513E3643BB919104488E1129E6DFC3236A29E9F6BB40C16B5A1E67807492E5DEA6AA4FDD6A7A57C88EE0F4B39D4E99F95E0930CD8345F900B278F75F8AFE73B910307EF65D34B2BB6ED6E09ABE1C8EB7E7A7032EB9D7CA0A218D33A4A5DDCB55A831F6A78CBB3213C7FB0B1D6A10BF7D8CAD6869789DF375FAC6E78AC4959DD2943B0414FF03AC317646CC0FAD5B5D36E7D941DDCD98D4D075B1FB5185058B85AF66B3F4498F4EB7CDFBE84ED6D8C03606FFF8708C1C6B86728F66F85869C552FBD87CC7AB95127767DF736FD6ED8F3BB62BD8D1D87925B5EB0D5C4D2FBB66AD6B2B5FC56626AA0C9562CFD5390FA265998B7F93D48423E568DC2F8F66B6B18E74FEB20E9FF46F89AFC42B17E4ADB77E553340BE59C0DD422597E2BF12ED0C486774FD2345E04C5AC783BAB0DE5E7D77A1E2D3D535C7F4926E6BB004A2CCAD2411E0243E7703CFB8B84420DD8E614D3826D3F33E0E1BEDEDBDB974053FE2749BEC1FD3CC234A53B2A883279B304D122A0AACD300BA11F729BE5F86F4610DF9C913589720964C02B6668F62B0F790ACD48820C3061E868CEB0899E7B0C21812AA263E3035B16504699F31CB12FA2EDE8437446429211EF64517EFB78EAA70B7F29EF6ABA63968EF3055816087D32ED0927C6C561720036C6A1083311A5C7734C86AE222C6D19440CB79C3A430BF19E0A86AEA2970665681E932332348FA2C933341FEDA0E20745E8434BFEEA5208AFD715E1BCD61BA03B1D0FCE68004602718B1977333ADF48B7E05A6AABAFC4053E6203342C394A1DFD62E0D54E05A93BFFA9E63F141FAA688419BF89C0980443D6670D2CBB487EDF5E985274189B0F47D3634C610D23B0A6402BCC0C98FB8E51D8138AA1509E797501150CC3F07E02845ED40F811795DD9CA9D55318E258ADC6B1FBE8231E40CA0F926CED79E1EBA4A91F3FF8CFA314A78FF2E660D0C30787C611CF1E1C7E267FF4002332542CA10FCF683981BF23B59289FAAFE01CF646273CA79BD500ACA6C3FBA405A5360800C30218CB108E71C19B87A8A0825DB011310B19985B77D95A34877F5871141C0BD2331BC3B1675B48EAEE18139ADA58DC09D106331731F26A143E55274950B10A228952CB2240A6063C532272338CE86D34CE6E007E34D262F25E48750A2C3C5768D47BC7FCB78B8ADDB88A51F87407553A186FA771CF6882EF381750116869EBFB5107ED61FD4BDD3981947319C60BA4C4F3A44F3740909B8ADCBA8837D98302794F7AF2F268E2EC8677EDA8B134001BAA3181191CFEAE6B20460422D654F4D685AFB5F42EA325AD049A26E86D6071A69EC9005CA4C6EF844459197748FB64B4074964AFF6D98FF94BF2047D6347B74615359B56319C224BE4C0AF49C6C7BF0579AAAE36E0518A1A94188B87D21A7F128CC66C3380000C490916D0C600B50A6E9620290F33067852501A041C885CB3005B67A2D382ADE2870C60EB247212A8EAD20AD39DBDD485E1B02D4C7CC26E3D905B78096481B62ADD9C166BA572340065BD0D1040DE2963014C8347B899199954E429B058D8BC06002694A1D0958B540848A9A484CE8CC4938407930A9D69A64A972E8A614494753373565E49F21C1157CD0062C5A768D7F18B4520C2941D54468B4DF030B73664F830B3D24A926AF0850CF1656042D2B4372CD672158F45286215B5622166B5132C0A71A50A2CD68BDC1A8B428A2719699AA8486E3D705C2433FD5A4969700247429AD0EABA6A39718D62F5FAD83E7905CAE83E111B6A8D8A000AA007467107F8698C3B338640AFA37639A2D7B1232C892E46845A70C014981006D06BA69827D12DA58C7A62972158593A1DA70972EA83810CC982F1B21908E64189513E9CA713C9CC87DC280473B5C0AD1108E7E890F1668E1C515E4FEA84B5601C6BB0A50D15E94174EB331AE8116421A450E10F0A84A1C4152ADEA11F9985C8A880C4A3FA1EDEBC56F026BE738C8257EF584677C0AD2657BE8C53E49DB1E5AD31B33AA323C5F29AB887FDAC29DD83419879279BAF393B44D860460790B002B43A0C176DF8AB36DEEE281D127A83437DB386B6611C7003E53C903163BA34C25E1B312B01353FF696A7676B02FA985E468AE902037B85C12CA6F21A6990A2B9B1E8824DEACFFB1B377BF3EE685ED6A2AD1E1CCD15456B8FDEF98586608AD8564FBCEBB282EDE957D7F6955E57258CF982E33CF152A019298B13FF81086FE9D074A617419266677EE6DFF9790A86D3E54A6A065E2A28FC7DF590D2BD814CC3DA155877C9FF2EBBB12568813B97AAC3055D534ED662794476B7015DBDBC84B01FFA497D6DC3DCD99CC6E16615A9EF70D4BDCB142E6CFFF2890CE1682ECC5DBA2792D0225D03F3884691A1511EB64450E847040D943DC726810A4253209505D23CC4C3A91231B250AA4778185501540E1DE5233C8C36BB1D0BA67D8A87C426BF6061E992628CC6EAB20966CBF3460808EE47C0E8671FD441842C045560A11A0A13E2C502D2447E8D466F95F5A5A7B1EA62D79ED26848FDD0BB2957C982681EE2E154E5285928D5234B184C45430918F3CE429E72452739B1CABDC143142A4BB220855716B364EB477293645F38C15360146E811F41AE18C94297DFE22103B52359D0C06B07D8C09CC57716BB482E2FC9ED27F9351E762E1564EBA47D3A19490A5CB3DA8A5539A4C55EA02260F4234A6F00D5A9FAAC530D8529B4C6D94AED634B585529350958F57C92ECA3BC12C7B34F19BAB41DFB2860A8650B57938C172DDA426A6A98576CA131FE4CA029B4A68667C7A423B142750F684B7EF05E13417245BF7EA4445BE38B3B272AAA22EB20B169FB5958ECF3BE0CFF311983B99077E210757F2CAFE820F4C335DD1DC65D8E662A584D9E21169232F9D078DE2BDE7B6BEDC3D2B9A4319E2C7DFF7E18A676B3B310E070D7110923DF356CA3F18B38D2ED143E0CA25F83AFFE688485A2FA9064344AF1F7D4B654D2DDD32328A4EFDECFFE7153AE13A08EB36EC400B124D6172D997712F303B0004DB903C6D499C525BB83B2CCBF0970D29260C79EDC9E751D10C14DA372CE8C4485ED94E2960AD14E19BEF01BD03292C09612C5D729F61480BBF58479C0E76CEF6EAE2B41702EFBEA998D63BD2DF4C07BD5DBE703738414C021366946AF9E34BF9B008E2A78828BEA283090C768142B4FAB400E319AA26C32F36A5F0FC5C4739A91D55EDE60EFFA97F0340C482EB0EA06EFFC28B82769569623991DBCDE3F98792761E0A7658C4D1527F246FC9E131538B27F98078E90E56A2E76B70F3FC9A1A4E99293F772BD1645A98B016AAA0439568DE5E1B6A8D4137DF693C5A39FFC69E53FFD9985241744C117FB0233AEFCCEB025036A62303A80C555C9BC0F633FB35E571588D1C164C4FA8305192C67C3C6603050A40FBE2FA325793A9EFDBBE8F6C6BBFCD76DDBF3955778C5DE78AFBDDF3A626543FCC3CE3275ED51E5A98FC277D995C7B5585DCC8E7F98D38C1DE99B8E2ACA6F53DD171510310403B4D451A3195774B00EA7E860CF5741159A191605DF1C8032410025F4BBC05E9CF021151DAC5708A8E84284B30115DDC2EB048572E4843B2C2054A204B6A43FB3E2BEC96EB1628884FBD4809808772DD64643D80AD6BA67F1F8957799DE44C12F1BFAE213C5862062859DB58D90330429ECAC7EBB71D76F3756FA0D67DCB441131D6C74366AA23F231E48BFA246DE6F2E6C638845007A68630DD0C9CCCDCC29CCAC6335CCADA263D863F23D9AB5A05A17BB2A68DA8009B5424301622F74B639D68D68D9DB31802A78616759A18B63F0A0472179F82666C26EF0AA5B1FA7305D22C1A1180581812DF15E47440CA3CECB44571D6B7365E110B9291C556026CBB48CBA7A150EB329BB0EA16A35150206F55C386CA12DC9E3A64F9D10FB458F4D4D8F89E10C0EECC88318C02882020F5E908A6B821AFAD77172C0C04EB969DD1C48F9A2477020C921022F886779EFEC5DF0E0220AEBF0834E9CD06DFC015636AB2809D423D0261D657255B4994BCB4908C993ED4A0FD4596E1850CDB35EF2BA6BF23160D8D4B3AA26A04C3B200FA5FB0A7DD44292D03774E63C71132A1E0924A866E606BC1DB254E490D504749F335A9CE8C66446E88BBC9D65C6CAAFAE60C6EAED4B6646D5C7911363464DF2DF7E78CFA034ABFCAA0C5CB02CF3EEF38AEA4B4A79A0518B8E21D223DB53AF27F923E51216E76153D6DEBD7AFC60DCA3FDCA521E52F9D5E0288C0447523A59CF2F969D6C6CEC11186AADFE5467A82A73FA94DB2E9249739EE3B32BB27CA9ABB6D45D19CDC1A48BE9735CEC80231AD3C0673D3B6B4B97975A0A53BAC7327113B1A415DF584DCC9036A769EF8BFFD4128BCFF8CDC01EA61CF588FC63F81C7A42020C9FBD7E52C6119CBB5DC1622FC74C427EC13D3D5BC932B97F2F42649ADCD391A8E89F854C1FB28F54847C3ABE2320B53F3386437DF35DD37A98B4B813F32FD917B51F5FF74D83CF06D47A6E7C35B6CAB32D42EF72B837979E772D61EF5A61BE9383BB654DF9695BD88EE5E3A752317E4C0F8021CDC9348EFDAA4C5E532B09DF8388294BF33290D005E57743BC2892BB8C265CCEF9442575788B54A245A45795FB440887D1D6692F13931CCF967731A5701903A5A9512C8ED15844D210CD1B6884D66631C0772CF20E8D695F0B5E795C90A6A06C094DE4245DBF27195CF64C9C02105A230D0EB4D10FABA89CAC1BBB8AA4D08E5DB5D18FADA8372C8E5DDD9A48E355CFA13114254741C87635EA95A3B916B237D7B107378DBE74958E7CA5EED652AF6CA2271E5C454C1C9877D84883F2AFA101F5A51475C369A80A37330D6F43DFC2E486085BBC505014AA7FA724A5818C2612E2C857EA766990F231041C2CCDA6A8372806C842B506B541B49C5D226A38BEE497ACA981D33DD3B179265ACF9D152DAE052FBE6AB1B2FA82D1EDC52C4CD9468320A5E2515466E80F69B5C6C0234D59736048A4711A53518F607BA4F17175AAAAEA886AB07DA18453E44C8EFE8E962E858C210ACB9B8AA623A72CF791AD0A4CEDF90E96DE482EF3E215EE3C37D138220AA0A01CB870AD3E76676BCA83861D902DBE3F0159A975BC7C54E5A21D523CB2A60C9CBC7D7B8481B112868AE4238A4AC86E96B3A6778B168C08712C7CEF2A4774F63CBA9EFBAE15B347D37B12A8EABD367D5F5B4CE94EC2D56C9F62557AD76D363C2AFA2B36EFA280C13B34BE73F168EB65F75C471E54A290021D5515F75037BE0BBAB3BE8E365F3B7EB91645E1E5DCE147F38F9B28CF7455FE3A2369F0D08238A23023B2E0AE069A3697D17D5CDF4E0833AA9BD4AFDBFC38FED2CFFC93240BEEFD45AE0DF2AC8D5437CCBC22135E9E3BF48E2C2FA30F9B6CBDC9E892C9EA2EE4C4697ED3A11BBFA87CCFCFF9E8C33AFF9576B1043ACD204F0EF621FA711384CB66DE17C027DB0A10F9154A95E723A76596E7FB78786E20BD8F2324A00A7DCDCDCF27B25A871458FA21BAF63F1397B9D1DDF6963CF88BE7AB266D9E0A8899103CDA8FCE02FF21F1576905A3ED4F7F521E5EAE9EBEFF3F43791BABF3F70000, N'6.4.4')
GO
INSERT [dbo].[AspNetRoles] ([Id], [Name]) VALUES (N'1', N'Admin')
GO
INSERT [dbo].[AspNetUserRoles] ([UserId], [RoleId]) VALUES (N'c321381d-4fa9-4688-b88a-976de7e399ce', N'1')
GO
INSERT [dbo].[AspNetUsers] ([Id], [Address], [Email], [EmailConfirmed], [PasswordHash], [SecurityStamp], [PhoneNumber], [PhoneNumberConfirmed], [TwoFactorEnabled], [LockoutEndDateUtc], [LockoutEnabled], [AccessFailedCount], [UserName]) VALUES (N'01c34aee-2546-42fc-815f-318953831b52', NULL, N'abdo.sayed@yahoo.com', 0, N'AMDpPP4EFRdHKMfKt92F7Dy6S5Mj3QGon7s4YMAYPcTfftG/0qfZvTNVXCc+Urxbrw==', N'3228acd8-28e6-4c92-9f3d-cf0cab35fe09', NULL, 0, 0, NULL, 0, 0, N'msayed')
GO
INSERT [dbo].[AspNetUsers] ([Id], [Address], [Email], [EmailConfirmed], [PasswordHash], [SecurityStamp], [PhoneNumber], [PhoneNumberConfirmed], [TwoFactorEnabled], [LockoutEndDateUtc], [LockoutEnabled], [AccessFailedCount], [UserName]) VALUES (N'0c8e4a28-cf47-40e3-a1bb-e74fa8c475b7', NULL, N'abdo.sayed@yahoo.com', 0, N'AM/FOOJpsv59ZypRC5xSZHqt8iN4GA5NFWddYFfVWJWhnFQU45rcAn0coGlTJ5bS1w==', N'538f7d3f-c228-49fb-8141-22fddad3ffe0', NULL, 0, 0, NULL, 0, 0, N'mosayed449')
GO
INSERT [dbo].[AspNetUsers] ([Id], [Address], [Email], [EmailConfirmed], [PasswordHash], [SecurityStamp], [PhoneNumber], [PhoneNumberConfirmed], [TwoFactorEnabled], [LockoutEndDateUtc], [LockoutEnabled], [AccessFailedCount], [UserName]) VALUES (N'33587d7d-80de-4860-8566-24ef8616899e', NULL, N'abdo.sayed@yahoo.com', 0, N'APIjFm50doL9lc2opcpK5NqIQ0JxViyIZxqKVp6F9duSCrHj0qx05nSCql7eO4JncA==', N'39840bb8-f9b0-41da-9251-293bbbab120e', NULL, 0, 0, NULL, 0, 0, N'mosayed1')
GO
INSERT [dbo].[AspNetUsers] ([Id], [Address], [Email], [EmailConfirmed], [PasswordHash], [SecurityStamp], [PhoneNumber], [PhoneNumberConfirmed], [TwoFactorEnabled], [LockoutEndDateUtc], [LockoutEnabled], [AccessFailedCount], [UserName]) VALUES (N'541e7f7c-c544-48a3-b081-4594e3651b38', NULL, N'abdo.sayed@yahoo.com', 0, N'AEsebfmDzu0Jqiy3SFlfEYpURlBSJAiL3ftJUh1dPgPWK8XXcpfbVJyz7Nz0WjbLaw==', N'd6924a65-570f-4418-8628-67e7e67f8106', NULL, 0, 0, NULL, 0, 0, N'mosayed')
GO
INSERT [dbo].[AspNetUsers] ([Id], [Address], [Email], [EmailConfirmed], [PasswordHash], [SecurityStamp], [PhoneNumber], [PhoneNumberConfirmed], [TwoFactorEnabled], [LockoutEndDateUtc], [LockoutEnabled], [AccessFailedCount], [UserName]) VALUES (N'5ca78ee4-2659-4d0a-a065-4c0255dad1dd', NULL, N'string', 0, N'AGmY57606BDPAYSdOOP6j6dHYY0tQWto9RnKDpSCWwtsnLys5qss78GI272t3xUDzg==', N'64247703-4025-4398-8fb2-18bba2335f5b', NULL, 0, 0, NULL, 0, 0, N'string1')
GO
INSERT [dbo].[AspNetUsers] ([Id], [Address], [Email], [EmailConfirmed], [PasswordHash], [SecurityStamp], [PhoneNumber], [PhoneNumberConfirmed], [TwoFactorEnabled], [LockoutEndDateUtc], [LockoutEnabled], [AccessFailedCount], [UserName]) VALUES (N'72bd962a-5df3-4f75-b6a2-f96eedc00290', NULL, N'abdo.sayed@yahoo.com', 0, N'ALpGfHNJHSuFFylTpBe4aUIMX+WQ9/WLZmXMo+Qt7u3i7piKmd/gqKl+XUnyuCy0Ow==', N'dad3cc09-963a-4ba6-a694-d6dd038024fd', NULL, 0, 0, NULL, 0, 0, N'mosayed444')
GO
INSERT [dbo].[AspNetUsers] ([Id], [Address], [Email], [EmailConfirmed], [PasswordHash], [SecurityStamp], [PhoneNumber], [PhoneNumberConfirmed], [TwoFactorEnabled], [LockoutEndDateUtc], [LockoutEnabled], [AccessFailedCount], [UserName]) VALUES (N'7cb959df-544d-4843-8d39-09ab80d660c6', NULL, N'string', 0, N'ADO4isyeHQPheXsVCAqvoBSDGAIQ7W+tkVNn+E/+8AQboYcxqG4iDgjHH9T8lt0/ng==', N'3913b577-4b44-4978-8824-2de6a5099840', NULL, 0, 0, NULL, 0, 0, N'string')
GO
INSERT [dbo].[AspNetUsers] ([Id], [Address], [Email], [EmailConfirmed], [PasswordHash], [SecurityStamp], [PhoneNumber], [PhoneNumberConfirmed], [TwoFactorEnabled], [LockoutEndDateUtc], [LockoutEnabled], [AccessFailedCount], [UserName]) VALUES (N'92b3bdb5-110b-4983-93a1-fec0b3148cc8', NULL, N'abdo.sayed@yahoo.com', 0, N'AJn5Skk0OgS5PG0wQnrz9dJGf1ekFcTHZgjsjd8ExWcavlYivk/IlJh4T7SG366VXA==', N'498b038f-c5f9-4802-ad27-d4232a278210', NULL, 0, 0, NULL, 0, 0, N'mosayed7777878g')
GO
INSERT [dbo].[AspNetUsers] ([Id], [Address], [Email], [EmailConfirmed], [PasswordHash], [SecurityStamp], [PhoneNumber], [PhoneNumberConfirmed], [TwoFactorEnabled], [LockoutEndDateUtc], [LockoutEnabled], [AccessFailedCount], [UserName]) VALUES (N'bc1a6e55-b671-4374-8440-85d3a5de1f22', NULL, N'abdo.sayed@yahoo.com', 0, N'AGR0iWTdhevkp5wvrxb+oq41t3tAvkHU/oFMs7Y0+UMRuoKUZOcoozvWCx00EkIx8w==', N'387062a8-04fa-4426-8953-aef65d6e89e8', NULL, 0, 0, NULL, 0, 0, N'mosayed67')
GO
INSERT [dbo].[AspNetUsers] ([Id], [Address], [Email], [EmailConfirmed], [PasswordHash], [SecurityStamp], [PhoneNumber], [PhoneNumberConfirmed], [TwoFactorEnabled], [LockoutEndDateUtc], [LockoutEnabled], [AccessFailedCount], [UserName]) VALUES (N'c12c276d-f106-4798-9b4e-d02ee257d101', NULL, N'abdo.sayed@yahoo.com', 0, N'AAIhFSQjMkBnQwXhkVb1SPtorihyJl8Ovoa8hMHZu2BdYOYdtcCD/eFkDqkjacyPqA==', N'9db3cea3-4eb4-4534-a5fd-f8150f213d64', NULL, 0, 0, NULL, 0, 0, N'mosayed123')
GO
INSERT [dbo].[AspNetUsers] ([Id], [Address], [Email], [EmailConfirmed], [PasswordHash], [SecurityStamp], [PhoneNumber], [PhoneNumberConfirmed], [TwoFactorEnabled], [LockoutEndDateUtc], [LockoutEnabled], [AccessFailedCount], [UserName]) VALUES (N'c321381d-4fa9-4688-b88a-976de7e399ce', NULL, N'admin@yahoo.com', 0, N'AIcOn9B6ncnqaSeOoI+ITnCqOby16h3KOVHF+XbfD1UXOPEGexABVc62hk5yySVHag==', N'06aef19e-eeeb-4db7-a696-12a947ee8c28', NULL, 0, 0, NULL, 0, 0, N'admin')
GO
INSERT [dbo].[AspNetUsers] ([Id], [Address], [Email], [EmailConfirmed], [PasswordHash], [SecurityStamp], [PhoneNumber], [PhoneNumberConfirmed], [TwoFactorEnabled], [LockoutEndDateUtc], [LockoutEnabled], [AccessFailedCount], [UserName]) VALUES (N'd1a1e421-9f93-4200-8adf-517d6476f4a4', NULL, N'abdo.sayed@yahoo.com', 0, N'AL3akeS0XShF7Pe47qDud/MjCtGsAO/C+lyPiFwETZ/ch2hGurhzhsdYuXwJUKNZMA==', N'7d893105-8b02-468c-ad83-0ccaa73dd7ee', NULL, 0, 0, NULL, 0, 0, N'mosayed7777878ggfg')
GO
INSERT [dbo].[AspNetUsers] ([Id], [Address], [Email], [EmailConfirmed], [PasswordHash], [SecurityStamp], [PhoneNumber], [PhoneNumberConfirmed], [TwoFactorEnabled], [LockoutEndDateUtc], [LockoutEnabled], [AccessFailedCount], [UserName]) VALUES (N'de871e01-982f-4045-8a9e-639a9d539e85', NULL, N'abdo.sayed@yahoo.com', 0, N'ABie+1n6ElC6vgp8zSti5AOZtfuMEG7Xq4QVhCyeFcG1oY9+1WIrxN+MGymdiRP7GQ==', N'87e1ef09-9a4f-4b38-83fd-d54130ad3a94', NULL, 0, 0, NULL, 0, 0, N'mosayed777')
GO
INSERT [dbo].[AspNetUsers] ([Id], [Address], [Email], [EmailConfirmed], [PasswordHash], [SecurityStamp], [PhoneNumber], [PhoneNumberConfirmed], [TwoFactorEnabled], [LockoutEndDateUtc], [LockoutEnabled], [AccessFailedCount], [UserName]) VALUES (N'eecadb79-2487-46a9-8eb0-3ea77f8b8ecc', NULL, N'abdo.sayed@yahoo.com', 0, N'AGXKQ/N9Mbmd2Q6ZCqwd3Y4vA5Ata/R9KoLjyvuaaF4sxTtSD+zXXWg8euqSW7kvWQ==', N'bc95012c-2754-4587-84ca-b3834a476c77', NULL, 0, 0, NULL, 0, 0, N'mosayed222')
GO
INSERT [dbo].[AspNetUsers] ([Id], [Address], [Email], [EmailConfirmed], [PasswordHash], [SecurityStamp], [PhoneNumber], [PhoneNumberConfirmed], [TwoFactorEnabled], [LockoutEndDateUtc], [LockoutEnabled], [AccessFailedCount], [UserName]) VALUES (N'f8992914-4272-4259-9512-302bdae9f323', NULL, N'abdo.sayed@yahoo.com', 0, N'AKPZgCG3QOsUKMA3bcThfF4GUKdGcqnyH177+4cG7zUnIdPx8hgbqLMIytoOoNlLOw==', N'98cba620-3a5b-41cd-a48f-4abfed9e6c98', NULL, 0, 0, NULL, 0, 0, N'mosayed321')
GO
SET IDENTITY_INSERT [dbo].[Categories] ON 
GO
INSERT [dbo].[Categories] ([Id], [Name]) VALUES 
(1, 'IPhone'),
(2, 'Samsung'),
(3, 'Huawei'),
(4, 'Oppo'),
(5, 'Lenovo');
GO

SET IDENTITY_INSERT [dbo].[Categories] OFF
GO
SET IDENTITY_INSERT [dbo].[Products] ON 
GO
INSERT [dbo].[Products] ([Id], [Name], [Details], [Price], [Image], [Quantity], [CategoryId]) VALUES 
(1, 'IPhone 6', 'Lorem ipsum dolor sit amet, consectetur adipisicin', 10000, 'IPhone6.jpg', 4, 1),
(2, 'IPhone 7', 'Lorem ipsum dolor sit amet, consectetur adipisicin', 12000, 'IPhone7.jpg', 5, 1),
(3, 'IPhone 12', 'Lorem ipsum dolor sit amet, consectetur adipisicin', 14000, 'IPhone12.jpg', 3, 1),
(4, 'Samsung Galaxy 11', 'Lorem ipsum dolor sit amet, consectetur adipisicin', 11000, 'Samsung11.jpg', 9, 2),
(5, 'Samsung 10s', 'Lorem ipsum dolor sit amet, consectetur adipisicin', 9500, 'Samsung10s.jpg', 8, 2),
(6, 'Samsung Galaxy s10 plus', 'Lorem ipsum dolor sit amet, consectetur adipisicin', 10000, 'SamsungS10Plus.jpg', 6, 2),
(7, 'Huawei P9', 'Lorem ipsum dolor sit amet, consectetur adipisicin', 6000, 'HuaweiP9.jpg', 20, 3),
(8, 'Huawei P10', 'Lorem ipsum dolor sit amet, consectetur adipisicin', 8000, 'HuaweiP10.jpg', 18, 3),
(9, 'Huawei 4G', 'Lorem ipsum dolor sit amet, consectetur adipisicin', 9000, 'Huawei4G.jpg', 12, 3),
(10, 'Oppo F5', 'Lorem ipsum dolor sit amet, consectetur adipisicin', 10000, 'OppoF5.jpg', 11, 4),
(11, 'Oppo R15', 'Lorem ipsum dolor sit amet, consectetur adipisicin', 11000, 'OppoR15.jpg', 7, 4),
(12, 'Oppo N3', 'Lorem ipsum dolor sit amet, consectetur adipisicin', 9000, 'OppoN3.jpg', 2, 4),
(13, 'Lenovo S5', 'Lorem ipsum dolor sit amet, consectetur adipisicin', 6000, 'LenovoS5.jpg', 15, 5),
(14, 'Lenovo P70', 'Lorem ipsum dolor sit amet, consectetur adipisicin', 7000, 'LenovoP70.jpg', 10, 5),
(15, 'Lenovo K900', 'Lorem ipsum dolor sit amet, consectetur adipisicin', 6500, 'LenovoK900.jpg', 13, 5);
GO

SET IDENTITY_INSERT [dbo].[Products] OFF
GO
ALTER TABLE [dbo].[AspNetUserClaims]  WITH CHECK ADD  CONSTRAINT [FK_dbo.AspNetUserClaims_dbo.AspNetUsers_UserId] FOREIGN KEY([UserId])
REFERENCES [dbo].[AspNetUsers] ([Id])
ON DELETE CASCADE
GO
ALTER TABLE [dbo].[AspNetUserClaims] CHECK CONSTRAINT [FK_dbo.AspNetUserClaims_dbo.AspNetUsers_UserId]
GO
ALTER TABLE [dbo].[AspNetUserLogins]  WITH CHECK ADD  CONSTRAINT [FK_dbo.AspNetUserLogins_dbo.AspNetUsers_UserId] FOREIGN KEY([UserId])
REFERENCES [dbo].[AspNetUsers] ([Id])
ON DELETE CASCADE
GO
ALTER TABLE [dbo].[AspNetUserLogins] CHECK CONSTRAINT [FK_dbo.AspNetUserLogins_dbo.AspNetUsers_UserId]
GO
ALTER TABLE [dbo].[AspNetUserRoles]  WITH CHECK ADD  CONSTRAINT [FK_dbo.AspNetUserRoles_dbo.AspNetRoles_RoleId] FOREIGN KEY([RoleId])
REFERENCES [dbo].[AspNetRoles] ([Id])
ON DELETE CASCADE
GO
ALTER TABLE [dbo].[AspNetUserRoles] CHECK CONSTRAINT [FK_dbo.AspNetUserRoles_dbo.AspNetRoles_RoleId]
GO
ALTER TABLE [dbo].[AspNetUserRoles]  WITH CHECK ADD  CONSTRAINT [FK_dbo.AspNetUserRoles_dbo.AspNetUsers_UserId] FOREIGN KEY([UserId])
REFERENCES [dbo].[AspNetUsers] ([Id])
ON DELETE CASCADE
GO
ALTER TABLE [dbo].[AspNetUserRoles] CHECK CONSTRAINT [FK_dbo.AspNetUserRoles_dbo.AspNetUsers_UserId]
GO
ALTER TABLE [dbo].[FavouriteProducts]  WITH CHECK ADD  CONSTRAINT [FK_dbo.FavouriteProducts_dbo.AspNetUsers_userId] FOREIGN KEY([userId])
REFERENCES [dbo].[AspNetUsers] ([Id])
GO
ALTER TABLE [dbo].[FavouriteProducts] CHECK CONSTRAINT [FK_dbo.FavouriteProducts_dbo.AspNetUsers_userId]
GO
ALTER TABLE [dbo].[FavouriteProducts]  WITH CHECK ADD  CONSTRAINT [FK_dbo.FavouriteProducts_dbo.Products_productId] FOREIGN KEY([productId])
REFERENCES [dbo].[Products] ([Id])
ON DELETE CASCADE
GO
ALTER TABLE [dbo].[FavouriteProducts] CHECK CONSTRAINT [FK_dbo.FavouriteProducts_dbo.Products_productId]
GO
ALTER TABLE [dbo].[OrderedProducts]  WITH CHECK ADD  CONSTRAINT [FK_dbo.OrderedProducts_dbo.Orders_orderId] FOREIGN KEY([orderId])
REFERENCES [dbo].[Orders] ([Id])
ON DELETE CASCADE
GO
ALTER TABLE [dbo].[OrderedProducts] CHECK CONSTRAINT [FK_dbo.OrderedProducts_dbo.Orders_orderId]
GO
ALTER TABLE [dbo].[OrderedProducts]  WITH CHECK ADD  CONSTRAINT [FK_dbo.OrderedProducts_dbo.Products_productId] FOREIGN KEY([productId])
REFERENCES [dbo].[Products] ([Id])
ON DELETE CASCADE
GO
ALTER TABLE [dbo].[OrderedProducts] CHECK CONSTRAINT [FK_dbo.OrderedProducts_dbo.Products_productId]
GO
ALTER TABLE [dbo].[Orders]  WITH CHECK ADD  CONSTRAINT [FK_dbo.Orders_dbo.AspNetUsers_userId] FOREIGN KEY([userId])
REFERENCES [dbo].[AspNetUsers] ([Id])
GO
ALTER TABLE [dbo].[Orders] CHECK CONSTRAINT [FK_dbo.Orders_dbo.AspNetUsers_userId]
GO
ALTER TABLE [dbo].[PaymentMethods]  WITH CHECK ADD  CONSTRAINT [FK_dbo.PaymentMethods_dbo.Orders_Id] FOREIGN KEY([Id])
REFERENCES [dbo].[Orders] ([Id])
GO
ALTER TABLE [dbo].[PaymentMethods] CHECK CONSTRAINT [FK_dbo.PaymentMethods_dbo.Orders_Id]
GO
ALTER TABLE [dbo].[Paypals]  WITH CHECK ADD  CONSTRAINT [FK_dbo.Paypals_dbo.PaymentMethods_Id] FOREIGN KEY([Id])
REFERENCES [dbo].[PaymentMethods] ([Id])
GO
ALTER TABLE [dbo].[Paypals] CHECK CONSTRAINT [FK_dbo.Paypals_dbo.PaymentMethods_Id]
GO
ALTER TABLE [dbo].[Products]  WITH CHECK ADD  CONSTRAINT [FK_dbo.Products_dbo.Categories_CategoryId] FOREIGN KEY([CategoryId])
REFERENCES [dbo].[Categories] ([Id])
GO
ALTER TABLE [dbo].[Products] CHECK CONSTRAINT [FK_dbo.Products_dbo.Categories_CategoryId]
GO
ALTER TABLE [dbo].[ShoppingCartProducts]  WITH CHECK ADD  CONSTRAINT [FK_dbo.ShoppingCartProducts_dbo.Products_productId] FOREIGN KEY([productId])
REFERENCES [dbo].[Products] ([Id])
ON DELETE CASCADE
GO
ALTER TABLE [dbo].[ShoppingCartProducts] CHECK CONSTRAINT [FK_dbo.ShoppingCartProducts_dbo.Products_productId]
GO
ALTER TABLE [dbo].[ShoppingCartProducts]  WITH CHECK ADD  CONSTRAINT [FK_dbo.ShoppingCartProducts_dbo.ShoppingCarts_shoppingCartId] FOREIGN KEY([shoppingCartId])
REFERENCES [dbo].[ShoppingCarts] ([Id])
GO
ALTER TABLE [dbo].[ShoppingCartProducts] CHECK CONSTRAINT [FK_dbo.ShoppingCartProducts_dbo.ShoppingCarts_shoppingCartId]
GO
ALTER TABLE [dbo].[ShoppingCarts]  WITH CHECK ADD  CONSTRAINT [FK_dbo.ShoppingCarts_dbo.AspNetUsers_Id] FOREIGN KEY([Id])
REFERENCES [dbo].[AspNetUsers] ([Id])
GO
ALTER TABLE [dbo].[ShoppingCarts] CHECK CONSTRAINT [FK_dbo.ShoppingCarts_dbo.AspNetUsers_Id]
GO
ALTER TABLE [dbo].[Visas]  WITH CHECK ADD  CONSTRAINT [FK_dbo.Visas_dbo.PaymentMethods_Id] FOREIGN KEY([Id])
REFERENCES [dbo].[PaymentMethods] ([Id])
GO
ALTER TABLE [dbo].[Visas] CHECK CONSTRAINT [FK_dbo.Visas_dbo.PaymentMethods_Id]
GO
